{
  "train_loss": [
    1.4820337328645918,
    1.4127563059960724,
    1.3655809162470398,
    1.3333768701111828,
    1.3077673891549388,
    1.2790331011096006,
    1.2639032932658676,
    1.241551207644599,
    1.2182107346240805,
    1.2015153270549874,
    1.183390205814725,
    1.1722714311231381,
    1.1691136178043153,
    1.1650731696811303,
    1.129327693944255,
    1.1276173108311558,
    1.1175711894476856,
    1.1167215748281074,
    1.085414903031455,
    1.0800106756428562,
    1.067731684714398,
    1.0638712567311746,
    1.062260062448562,
    1.0516393030919726,
    1.0312191728877012,
    1.0222831200512628,
    1.0284767575837948,
    1.00641411897682,
    0.9909206442732029,
    0.9992142698121449,
    0.981835376727518,
    0.9730141228311276,
    0.9689549121355253,
    0.9528130896428906,
    0.9492809038471293,
    0.9376911521746368,
    0.9281885050355442,
    0.9087839749439683,
    0.9262115151163132,
    0.9164037607886173,
    0.9090759728951429,
    0.9215654784409457,
    0.8989641865488713,
    0.9003731123511753,
    0.871753089248188,
    0.8958792475559724,
    0.8810289402408574
  ],
  "val_loss": [
    1.4399493663541731,
    1.3886199228225216,
    1.2897505298737557,
    1.2349982626976506,
    1.2895506735770934,
    1.0935139329202714,
    1.199624821063011,
    1.0527315774271566,
    1.077768289273785,
    1.0442752203633707,
    1.1430656217759656,
    1.0396319473943403,
    1.0381846043371386,
    1.1013472964686732,
    1.0465435154976384,
    1.0829712652391004,
    1.0662209564639675,
    1.0148139557530802,
    1.0946778808870623,
    1.0467364807282724,
    0.9650958103518332,
    1.0204988967987798,
    1.0306897124936503,
    1.0246270837322358,
    1.0747050085375387,
    0.9997768190599257,
    1.0035310291474866,
    1.0383914305317787,
    0.9983620720524942,
    1.005695648731724,
    1.0224281357180687,
    0.9625801021052945,
    1.0419347824588898,
    1.0507825132339232,
    0.9975552635808145,
    0.983459799520431,
    0.9852066789903948,
    1.0036078268481838,
    1.0111659188424387,
    1.0312825854747527,
    1.011902134264669,
    1.0158775814117924,
    0.9842879445322098,
    1.0119771553624062,
    1.0063176405045293,
    1.0158723035166342,
    1.0132314553183894
  ],
  "train_acc": [
    0.28058862433862436,
    0.31357473544973546,
    0.34486607142857145,
    0.35697751322751325,
    0.37533068783068785,
    0.374958664021164,
    0.38673941798941797,
    0.39624669312169314,
    0.39637070105820105,
    0.41356646825396826,
    0.4133184523809524,
    0.41898148148148145,
    0.4128637566137566,
    0.4324156746031746,
    0.44775132275132273,
    0.4391947751322751,
    0.45457175925925924,
    0.4599867724867725,
    0.461020171957672,
    0.47275958994708994,
    0.4599041005291005,
    0.46147486772486773,
    0.4711061507936508,
    0.4931382275132275,
    0.45556382275132273,
    0.48305224867724866,
    0.4774718915343915,
    0.501818783068783,
    0.5107060185185185,
    0.4853670634920635,
    0.5048776455026455,
    0.5218253968253969,
    0.5219494047619048,
    0.5251322751322751,
    0.5120287698412699,
    0.5134755291005291,
    0.5166583994708994,
    0.5241815476190477,
    0.5353009259259259,
    0.5166170634920635,
    0.5423280423280423,
    0.5406746031746031,
    0.5237681878306878,
    0.542948082010582,
    0.5322833994708994,
    0.5407572751322751,
    0.5218253968253969
  ],
  "val_acc": [
    0.33568548387096775,
    0.3719758064516129,
    0.4627016129032258,
    0.5080645161290323,
    0.4798387096774194,
    0.5897177419354839,
    0.5241935483870968,
    0.6108870967741935,
    0.6159274193548387,
    0.6431451612903226,
    0.5665322580645161,
    0.6300403225806451,
    0.6300403225806451,
    0.6139112903225806,
    0.6421370967741935,
    0.6098790322580645,
    0.626008064516129,
    0.6663306451612904,
    0.6118951612903226,
    0.6411290322580645,
    0.6905241935483871,
    0.6592741935483871,
    0.6633064516129032,
    0.6622983870967742,
    0.6411290322580645,
    0.6592741935483871,
    0.6502016129032258,
    0.6633064516129032,
    0.6713709677419355,
    0.6713709677419355,
    0.6784274193548387,
    0.7036290322580645,
    0.6633064516129032,
    0.6592741935483871,
    0.6965725806451613,
    0.6975806451612904,
    0.6955645161290323,
    0.6925403225806451,
    0.6915322580645161,
    0.686491935483871,
    0.6814516129032258,
    0.686491935483871,
    0.6895161290322581,
    0.6875,
    0.7066532258064516,
    0.6804435483870968,
    0.6925403225806451
  ]
}