{
  "train_loss": [
    1.5439849554230927,
    1.5179547684848624,
    1.5017039624471513,
    1.4899888014982616,
    1.4829918124057628,
    1.4569935942137684,
    1.4533413099864172,
    1.459519757795586,
    1.4462006382210544,
    1.4477734652461198,
    1.4424421725765106,
    1.4375299710445304,
    1.438217599082876,
    1.4358409188254169,
    1.4200185420651916,
    1.4042412546418963,
    1.4166467937212142,
    1.4010021307323344,
    1.4235370901841966,
    1.3889979855724113,
    1.3863147404931841,
    1.3996926201556725,
    1.40300905397014,
    1.3892919311605434,
    1.377317921904029,
    1.3803849977160256,
    1.3748350483242167,
    1.3798577934503555,
    1.3795639546932998,
    1.3657567268483852,
    1.369539748660471,
    1.3556002192396335,
    1.354988960835038,
    1.3585455622622575,
    1.3550280504441135
  ],
  "val_loss": [
    1.4125062496431413,
    1.4475140148593533,
    1.300097765461091,
    1.3240896694121822,
    1.2629299625273673,
    1.2545102950065368,
    1.213221469233113,
    1.2684373124953239,
    1.2192759090854275,
    1.2066266882804133,
    1.198395582937425,
    1.222498889892332,
    1.1978901624679565,
    1.2403998836394279,
    1.1934429291755921,
    1.1967528827728764,
    1.2154371699979227,
    1.2099245402120775,
    1.211680866056873,
    1.1345700583150309,
    1.1403338697648817,
    1.1473561179253362,
    1.1502478026574658,
    1.1608625688860494,
    1.1722212087723516,
    1.1698282034166398,
    1.1506987790907584,
    1.154705109134797,
    1.1448654128659157,
    1.1685685438494529,
    1.1932699987965245,
    1.1532725922523006,
    1.1565059769538142,
    1.1784433799405252,
    1.1657734013372851
  ],
  "train_acc": [
    0.36499669312169314,
    0.4462632275132275,
    0.47974537037037035,
    0.5206266534391535,
    0.5476603835978836,
    0.5699404761904762,
    0.5868055555555556,
    0.5939566798941799,
    0.6117311507936508,
    0.6287615740740741,
    0.6373181216931217,
    0.6459160052910053,
    0.6575727513227513,
    0.6667493386243386,
    0.6784060846560847,
    0.6900214947089947,
    0.7034556878306878,
    0.7048611111111112,
    0.7189566798941799,
    0.7257771164021164,
    0.7340029761904762,
    0.7417328042328042,
    0.7449156746031746,
    0.7511574074074074,
    0.7655009920634921,
    0.7707093253968254,
    0.7779431216931217,
    0.7830274470899471,
    0.787078373015873,
    0.8000578703703703,
    0.8072503306878307,
    0.8120039682539683,
    0.8131200396825397,
    0.8213045634920635,
    0.8321759259259259
  ],
  "val_acc": [
    0.47076612903225806,
    0.3790322580645161,
    0.5352822580645161,
    0.5473790322580645,
    0.5655241935483871,
    0.5816532258064516,
    0.5897177419354839,
    0.5685483870967742,
    0.6018145161290323,
    0.6078629032258065,
    0.6189516129032258,
    0.5786290322580645,
    0.5645161290322581,
    0.5977822580645161,
    0.5967741935483871,
    0.59375,
    0.6028225806451613,
    0.5897177419354839,
    0.5877016129032258,
    0.6340725806451613,
    0.6370967741935484,
    0.6229838709677419,
    0.6219758064516129,
    0.6370967741935484,
    0.6522177419354839,
    0.6199596774193549,
    0.6310483870967742,
    0.6381048387096774,
    0.6451612903225806,
    0.6118951612903226,
    0.592741935483871,
    0.6401209677419355,
    0.6360887096774194,
    0.6058467741935484,
    0.6411290322580645
  ]
}