{
  "train_loss": [
    1.5141441902470967,
    1.5026722649733226,
    1.50111412513193,
    1.4986101377893377,
    1.501151690565089,
    1.4982431196661854,
    1.4989813607205789,
    1.4977731179623377,
    1.5057333428708335,
    1.5002573370618164,
    1.4151399859360285,
    1.3440500770611739,
    1.286949565170934,
    1.2623527309408895,
    1.2333072235502263,
    1.2003235579640776,
    1.188211709497467,
    1.1700957899213469,
    1.1477667738993962,
    1.1331870247604985,
    1.1122336410498492,
    1.1009317539514056,
    1.0950586347983629,
    1.0759828011825603,
    1.0662021010956437,
    1.053906003712977,
    1.0372758989453947,
    1.0376881226976082,
    1.0188918170474826,
    1.0049284411958916,
    1.0042809815633864,
    0.9948564223826878,
    0.9890756130849243,
    0.9760796832186835,
    0.9860876222293844,
    0.9709666833360359,
    0.9747811766370894,
    0.968031410344694,
    0.9627924924962735,
    0.9682733936915322,
    0.9586798126104648
  ],
  "val_loss": [
    1.4232863610790623,
    1.401089741337684,
    1.4040542533320766,
    1.3766424579005088,
    1.3888480278753466,
    1.3809166031499063,
    1.394555764813577,
    1.4023166625730452,
    1.3843608825437483,
    1.4121903911713631,
    1.2486817183033112,
    1.1352404048365932,
    1.0725155838074223,
    1.0660603219462979,
    1.0505768502912214,
    1.045611564190157,
    1.0216738447066276,
    1.015250898176624,
    1.0010733123748534,
    0.9986368321603344,
    1.0242388094625166,
    0.9923303242652647,
    1.0107773369358433,
    1.0124182778020059,
    0.9959502027880761,
    0.9997105213903612,
    0.999185441001769,
    0.9926159074229579,
    1.0010681863754027,
    0.9995727212198319,
    0.9854142185180418,
    0.9977141887910904,
    0.9961209835544709,
    1.000110755043645,
    0.99898995507148,
    1.0139132180521566,
    1.0099135829556374,
    1.0136078519205893,
    0.9989129151067426,
    1.013589318721525,
    0.9982548779056918
  ],
  "train_acc": [
    0.2898478835978836,
    0.2915426587301587,
    0.2957175925925926,
    0.29712301587301587,
    0.29468419312169314,
    0.2927827380952381,
    0.2970816798941799,
    0.30104993386243384,
    0.29447751322751325,
    0.30282738095238093,
    0.3292824074074074,
    0.3669808201058201,
    0.3846312830687831,
    0.40323247354497355,
    0.4107969576719577,
    0.427703373015873,
    0.43134093915343913,
    0.44663525132275134,
    0.4523809523809524,
    0.44828869047619047,
    0.45126488095238093,
    0.4591600529100529,
    0.4637070105820106,
    0.4630869708994709,
    0.45808531746031744,
    0.4754050925925926,
    0.4826802248677249,
    0.4887152777777778,
    0.4876818783068783,
    0.5111607142857143,
    0.49268353174603174,
    0.5330274470899471,
    0.5013640873015873,
    0.509879298941799,
    0.5102513227513228,
    0.5159143518518519,
    0.5354662698412699,
    0.5268683862433863,
    0.5046709656084656,
    0.5142195767195767,
    0.5147156084656085
  ],
  "val_acc": [
    0.3901209677419355,
    0.44556451612903225,
    0.4012096774193548,
    0.4264112903225806,
    0.43044354838709675,
    0.41935483870967744,
    0.4314516129032258,
    0.4102822580645161,
    0.4213709677419355,
    0.4002016129032258,
    0.4959677419354839,
    0.5725806451612904,
    0.6038306451612904,
    0.6391129032258065,
    0.6330645161290323,
    0.6310483870967742,
    0.6602822580645161,
    0.6401209677419355,
    0.6512096774193549,
    0.6653225806451613,
    0.6582661290322581,
    0.6804435483870968,
    0.6673387096774194,
    0.6522177419354839,
    0.6844758064516129,
    0.6804435483870968,
    0.6854838709677419,
    0.686491935483871,
    0.6935483870967742,
    0.6935483870967742,
    0.7006048387096774,
    0.686491935483871,
    0.6794354838709677,
    0.6814516129032258,
    0.6723790322580645,
    0.6875,
    0.6935483870967742,
    0.6844758064516129,
    0.7006048387096774,
    0.6995967741935484,
    0.6804435483870968
  ]
}