{
  "train_loss": [
    1.5480471589262523,
    1.5249198547431402,
    1.5086230249316603,
    1.492621398792065,
    1.4840574109995808,
    1.4817113431673201,
    1.4629253850727486,
    1.4532406467293937,
    1.4565708038037417,
    1.4457184289182936,
    1.4407962145944122,
    1.4392537288564853,
    1.4397627897363492,
    1.4366781576758338,
    1.4316884270578465,
    1.4284959179226053,
    1.4010356834956579,
    1.4061653898664253,
    1.4122959540161506,
    1.3930153428877472,
    1.398704372937717,
    1.390184259051999,
    1.3787702253413578,
    1.3816795425597952,
    1.3914128877025433,
    1.39597068301269,
    1.373507379381745,
    1.3745722570431926,
    1.358897564114717,
    1.353217674389718,
    1.3631823015591455,
    1.373539890640627,
    1.3346303373417527,
    1.331470728314743,
    1.3417379815111716,
    1.3583665325370415,
    1.3558859347351013,
    1.3457522862172,
    1.3223057534328844,
    1.3130224021496597,
    1.3304228897763308,
    1.3264254631977233,
    1.326677847791601,
    1.3017424697440767,
    1.3234001300322316,
    1.3093881515598802,
    1.3205214731750035,
    1.320173536185865,
    1.2830075219510093
  ],
  "val_loss": [
    1.418731116479443,
    1.4095505399088706,
    1.4188816778121456,
    1.337513873654027,
    1.2852117476924774,
    1.3158845017033238,
    1.3336375221129386,
    1.2774943843964608,
    1.24755447910678,
    1.2230860340979792,
    1.2109711362469582,
    1.208130923009688,
    1.214904212182568,
    1.1790565636850172,
    1.1841549796442832,
    1.194028498664979,
    1.221509741198632,
    1.1890327911223135,
    1.2306273329642512,
    1.2057929308183732,
    1.196183120050738,
    1.1867902894173898,
    1.1670177886562962,
    1.1864849982723114,
    1.173346556002094,
    1.1776325894940285,
    1.1525687133112261,
    1.202812929307261,
    1.171609059456856,
    1.219706085420424,
    1.1844172746904436,
    1.191530939071409,
    1.1802226035825667,
    1.1301293219289472,
    1.1926330385669586,
    1.1721786722060172,
    1.1539031747848756,
    1.2127564184127315,
    1.1681464468279192,
    1.1525072936088807,
    1.1686792565930275,
    1.1633227390627707,
    1.1767134570306348,
    1.170233207364236,
    1.1742476590218083,
    1.1848387275972674,
    1.1899347689843947,
    1.1604025229330985,
    1.1569683936334425
  ],
  "train_acc": [
    0.3548693783068783,
    0.43468915343915343,
    0.4827628968253968,
    0.5045056216931217,
    0.5367063492063492,
    0.5547288359788359,
    0.5803984788359788,
    0.5952794312169312,
    0.6141699735449735,
    0.621031746031746,
    0.6315724206349206,
    0.6430638227513228,
    0.654183201058201,
    0.6651372354497355,
    0.6781167328042328,
    0.685433201058201,
    0.6950644841269841,
    0.7090773809523809,
    0.7122602513227513,
    0.7288773148148148,
    0.7291253306878307,
    0.7370618386243386,
    0.7504960317460317,
    0.7586392195767195,
    0.7637648809523809,
    0.773354828042328,
    0.7797205687830688,
    0.7900132275132276,
    0.7918320105820106,
    0.7995618386243386,
    0.8128720238095238,
    0.8182043650793651,
    0.8218419312169312,
    0.8332506613756614,
    0.8402777777777778,
    0.8458581349206349,
    0.8491650132275133,
    0.8526785714285714,
    0.8619791666666666,
    0.869130291005291,
    0.8722718253968254,
    0.8783068783068783,
    0.8864914021164021,
    0.8898809523809523,
    0.8930638227513228,
    0.8972800925925926,
    0.904265873015873,
    0.908234126984127,
    0.9132771164021164
  ],
  "val_acc": [
    0.3971774193548387,
    0.4254032258064516,
    0.41330645161290325,
    0.5020161290322581,
    0.5120967741935484,
    0.532258064516129,
    0.4586693548387097,
    0.49193548387096775,
    0.530241935483871,
    0.6310483870967742,
    0.5594758064516129,
    0.5967741935483871,
    0.6118951612903226,
    0.6149193548387096,
    0.6048387096774194,
    0.6048387096774194,
    0.5745967741935484,
    0.6229838709677419,
    0.5745967741935484,
    0.6068548387096774,
    0.626008064516129,
    0.6370967741935484,
    0.6129032258064516,
    0.6209677419354839,
    0.5977822580645161,
    0.6350806451612904,
    0.6502016129032258,
    0.6350806451612904,
    0.623991935483871,
    0.592741935483871,
    0.6300403225806451,
    0.6219758064516129,
    0.6098790322580645,
    0.6320564516129032,
    0.6038306451612904,
    0.6300403225806451,
    0.6461693548387096,
    0.6028225806451613,
    0.6431451612903226,
    0.6330645161290323,
    0.6481854838709677,
    0.6360887096774194,
    0.6229838709677419,
    0.6330645161290323,
    0.625,
    0.6149193548387096,
    0.6149193548387096,
    0.6401209677419355,
    0.6330645161290323
  ]
}