{
  "train_loss": [
    1.451999751979081,
    1.3992123471366034,
    1.3734716068184565,
    1.343537206372256,
    1.3175589703220538,
    1.279272861108578,
    1.25634426406767,
    1.2329034528562002,
    1.2020320051088536,
    1.1827372622395318,
    1.150174396772864,
    1.1128228261830315,
    1.072585604966633,
    1.0480187115845856,
    1.0124910169492953,
    0.9970667575086866,
    0.9714292446299205,
    0.9595572763965243,
    0.9181736214924111,
    0.9213709373953481,
    0.8959303915737167,
    0.8754489302792877
  ],
  "val_loss": [
    1.3023551048771027,
    1.287466206858235,
    1.4264209193568076,
    1.1847733836020193,
    1.1398636352631353,
    1.2099875692398316,
    1.126029137642153,
    1.2170453590731467,
    1.1111524316572374,
    1.0398748190172258,
    1.0764287421780248,
    1.1525054189466661,
    1.0780860358668911,
    1.1271765232086182,
    1.2449572720835287,
    1.262006728879867,
    1.1588479645790593,
    1.1682372785383655,
    1.1488864287253349,
    1.115629344217239,
    1.1742547865836852,
    1.1668211779286783
  ],
  "train_acc": [
    0.2960482804232804,
    0.3195271164021164,
    0.3387070105820106,
    0.3421792328042328,
    0.3567294973544973,
    0.37549603174603174,
    0.3888475529100529,
    0.40906084656084657,
    0.42001488095238093,
    0.42861276455026454,
    0.4506035052910053,
    0.4581679894179894,
    0.47953869047619047,
    0.4826802248677249,
    0.4859457671957672,
    0.4989666005291005,
    0.5224867724867724,
    0.539145171957672,
    0.5141782407407407,
    0.5140955687830688,
    0.5359209656084656,
    0.5186838624338624
  ],
  "val_acc": [
    0.4838709677419355,
    0.45463709677419356,
    0.38810483870967744,
    0.53125,
    0.5745967741935484,
    0.5372983870967742,
    0.5907258064516129,
    0.5413306451612904,
    0.5806451612903226,
    0.6381048387096774,
    0.6108870967741935,
    0.6108870967741935,
    0.6169354838709677,
    0.6290322580645161,
    0.5796370967741935,
    0.5836693548387096,
    0.6330645161290323,
    0.6118951612903226,
    0.626008064516129,
    0.6491935483870968,
    0.6290322580645161,
    0.6370967741935484
  ]
}