,precision,recall,f1-score,support
angry,0.6895424836601307,0.844,0.7589928057553957,250.0
fear,0.7307692307692307,0.608,0.6637554585152838,250.0
happy,0.6877637130801688,0.652,0.6694045174537988,250.0
neutral,0.6877828054298643,0.7638190954773869,0.7238095238095238,199.0
sad,0.7136563876651982,0.648,0.6792452830188679,250.0
accuracy,0.700583819849875,0.700583819849875,0.700583819849875,0.700583819849875
macro avg,0.7019029241209186,0.7031638190954774,0.699041517710574,1199.0
weighted avg,0.7025035296699126,0.700583819849875,0.6979879995195427,1199.0
